mean_fit_time,std_fit_time,mean_score_time,std_score_time,param_class_weight,param_max_depth,param_max_features,param_min_samples_leaf,param_min_samples_split,param_n_estimators,params,split0_test_f1,split1_test_f1,split2_test_f1,split3_test_f1,split4_test_f1,mean_test_f1,std_test_f1,rank_test_f1,split0_test_roc_auc,split1_test_roc_auc,split2_test_roc_auc,split3_test_roc_auc,split4_test_roc_auc,mean_test_roc_auc,std_test_roc_auc,rank_test_roc_auc,split0_test_precision,split1_test_precision,split2_test_precision,split3_test_precision,split4_test_precision,mean_test_precision,std_test_precision,rank_test_precision,split0_test_recall,split1_test_recall,split2_test_recall,split3_test_recall,split4_test_recall,mean_test_recall,std_test_recall,rank_test_recall
2.942276668548584,0.9668913051023723,2.346439981460571,0.7248805701777359,balanced_subsample,20,sqrt,3,2,250,"{'class_weight': 'balanced_subsample', 'max_depth': 20, 'max_features': 'sqrt', 'min_samples_leaf': 3, 'min_samples_split': 2, 'n_estimators': 250}",0.7376093294460642,0.772027972027972,0.7443181818181818,0.7348703170028819,0.7549295774647887,0.7487510755519777,0.013538480760283486,78,0.9577662007532646,0.9708928897569999,0.9568782552288343,0.9622179776352453,0.9623088473847057,0.96201283415181,0.004967552539672198,19,0.9806201550387597,0.9583333333333334,0.9458483754512635,0.9550561797752809,0.9469964664310954,0.9573709020059467,0.012547585515540076,21,0.5911214953271028,0.6463700234192038,0.6135831381733021,0.5971896955503513,0.6276346604215457,0.6151798025783011,0.02016407099715756,68
4.302589797973633,0.4086850762921473,2.0252123355865477,1.7285876758510839,balanced_subsample,20,sqrt,3,2,300,"{'class_weight': 'balanced_subsample', 'max_depth': 20, 'max_features': 'sqrt', 'min_samples_leaf': 3, 'min_samples_split': 2, 'n_estimators': 300}",0.7386861313868613,0.7692307692307693,0.7443181818181818,0.7374461979913917,0.7601683029453016,0.7499699166745011,0.012578529092704828,74,0.9585524969391895,0.9708011203070498,0.9569988150944551,0.9617249417668858,0.9624321063517954,0.9621018960918752,0.004786800713129408,17,0.9844357976653697,0.9548611111111112,0.9458483754512635,0.9518518518518518,0.9475524475524476,0.9569099167264088,0.014123566624006342,23,0.5911214953271028,0.6440281030444965,0.6135831381733021,0.6018735362997658,0.6346604215456675,0.617053338878067,0.01976145982005096,65
5.545421981811524,0.8285457607654221,6.545653295516968,1.7205355119753158,balanced_subsample,20,sqrt,3,2,400,"{'class_weight': 'balanced_subsample', 'max_depth': 20, 'max_features': 'sqrt', 'min_samples_leaf': 3, 'min_samples_split': 2, 'n_estimators': 400}",0.7405247813411079,0.7690140845070422,0.7417974322396577,0.7431850789096126,0.7692307692307693,0.752750429245638,0.013394316896630265,61,0.9588998675144782,0.9717305109129172,0.9572831204492026,0.9625751587296589,0.9623646288150675,0.9625706572842649,0.005007556885499676,13,0.9844961240310077,0.9646643109540636,0.948905109489051,0.9592592592592593,0.9548611111111112,0.9624371829688986,0.012183349756175837,18,0.5934579439252337,0.639344262295082,0.6088992974238876,0.6065573770491803,0.6440281030444965,0.618457396747576,0.01973860453954728,62
7.331920051574707,2.2299823673117056,3.589311981201172,2.1478379801783762,balanced_subsample,20,sqrt,3,5,250,"{'class_weight': 'balanced_subsample', 'max_depth': 20, 'max_features': 'sqrt', 'min_samples_leaf': 3, 'min_samples_split': 5, 'n_estimators': 250}",0.7376093294460642,0.772027972027972,0.7443181818181818,0.7348703170028819,0.7549295774647887,0.7487510755519777,0.013538480760283486,78,0.9577662007532646,0.9708928897569999,0.9568782552288343,0.9622179776352453,0.9623088473847057,0.96201283415181,0.004967552539672198,19,0.9806201550387597,0.9583333333333334,0.9458483754512635,0.9550561797752809,0.9469964664310954,0.9573709020059467,0.012547585515540076,21,0.5911214953271028,0.6463700234192038,0.6135831381733021,0.5971896955503513,0.6276346604215457,0.6151798025783011,0.02016407099715756,68
5.848891830444336,2.0290133853080765,5.73390212059021,1.4679326274409732,balanced_subsample,20,sqrt,3,5,300,"{'class_weight': 'balanced_subsample', 'max_depth': 20, 'max_features': 'sqrt', 'min_samples_leaf': 3, 'min_samples_split': 5, 'n_estimators': 300}",0.7386861313868613,0.7692307692307693,0.7443181818181818,0.7374461979913917,0.7601683029453016,0.7499699166745011,0.012578529092704828,74,0.9585524969391895,0.9708011203070498,0.9569988150944551,0.9617249417668858,0.9624321063517954,0.9621018960918752,0.004786800713129408,17,0.9844357976653697,0.9548611111111112,0.9458483754512635,0.9518518518518518,0.9475524475524476,0.9569099167264088,0.014123566624006342,23,0.5911214953271028,0.6440281030444965,0.6135831381733021,0.6018735362997658,0.6346604215456675,0.617053338878067,0.01976145982005096,65
9.178171110153198,1.4077390999934114,2.786594533920288,1.0095351840627773,balanced_subsample,20,sqrt,3,5,400,"{'class_weight': 'balanced_subsample', 'max_depth': 20, 'max_features': 'sqrt', 'min_samples_leaf': 3, 'min_samples_split': 5, 'n_estimators': 400}",0.7405247813411079,0.7690140845070422,0.7417974322396577,0.7431850789096126,0.7692307692307693,0.752750429245638,0.013394316896630265,61,0.9588998675144782,0.9717305109129172,0.9572831204492026,0.9625751587296589,0.9623646288150675,0.9625706572842649,0.005007556885499676,13,0.9844961240310077,0.9646643109540636,0.948905109489051,0.9592592592592593,0.9548611111111112,0.9624371829688986,0.012183349756175837,18,0.5934579439252337,0.639344262295082,0.6088992974238876,0.6065573770491803,0.6440281030444965,0.618457396747576,0.01973860453954728,62
5.100028848648071,2.032568568663926,5.592516756057739,2.196685799046017,balanced_subsample,20,sqrt,3,10,250,"{'class_weight': 'balanced_subsample', 'max_depth': 20, 'max_features': 'sqrt', 'min_samples_leaf': 3, 'min_samples_split': 10, 'n_estimators': 250}",0.7351664254703328,0.7766990291262136,0.7426160337552743,0.7425320056899004,0.7645429362880887,0.752311286065962,0.015671335396923752,63,0.9551739366151923,0.9670835578835806,0.9535205730012479,0.9596556306405598,0.9599732249134263,0.9590813846108015,0.004719124713567013,27,0.9657794676806084,0.9523809523809523,0.9295774647887324,0.9456521739130435,0.9355932203389831,0.9457966558204639,0.012726813107801228,27,0.5934579439252337,0.6557377049180327,0.6182669789227166,0.6112412177985949,0.6463700234192038,0.6250147737967563,0.022939146780804942,57
4.82349271774292,0.9106770934624819,5.721459579467774,0.8685398942085477,balanced_subsample,20,sqrt,3,10,300,"{'class_weight': 'balanced_subsample', 'max_depth': 20, 'max_features': 'sqrt', 'min_samples_leaf': 3, 'min_samples_split': 10, 'n_estimators': 300}",0.7391304347826086,0.7840440165061898,0.7390691114245416,0.7407407407407407,0.768377253814147,0.7542723114536455,0.01859473552881536,56,0.9558552137899836,0.9679949544796538,0.9541026792180883,0.9596034480121567,0.9599930183241999,0.9595098627648164,0.004792349568625768,26,0.9732824427480916,0.95,0.9290780141843972,0.9454545454545454,0.9421768707482994,0.9479983746270667,0.014433513906406892,26,0.5957943925233645,0.667447306791569,0.6135831381733021,0.6088992974238876,0.6487119437939111,0.6268872157412069,0.026790920408106683,55
9.161111307144164,0.4215198187460941,1.8307408809661865,0.5146606832315728,balanced_subsample,20,sqrt,3,10,400,"{'class_weight': 'balanced_subsample', 'max_depth': 20, 'max_features': 'sqrt', 'min_samples_leaf': 3, 'min_samples_split': 10, 'n_estimators': 400}",0.7420289855072464,0.7773167358229599,0.7436619718309859,0.7443181818181818,0.7666666666666667,0.754798508329208,0.014455754244161078,44,0.9565885516711486,0.9683215457574174,0.9550014800073057,0.9604599628783578,0.9609278071330054,0.960259869489447,0.004617489291343818,25,0.9770992366412213,0.9493243243243243,0.9328621908127208,0.9458483754512635,0.9419795221843004,0.9494227298827662,0.014889106855280127,25,0.5981308411214953,0.65807962529274,0.6182669789227166,0.6135831381733021,0.6463700234192038,0.6268861213858916,0.022048955742479948,56
7.967620992660523,0.7557328510577624,2.208763313293457,0.6666605232998845,balanced_subsample,20,sqrt,5,2,250,"{'class_weight': 'balanced_subsample', 'max_depth': 20, 'max_features': 'sqrt', 'min_samples_leaf': 5, 'min_samples_split': 2, 'n_estimators': 250}",0.7563739376770539,0.782608695652174,0.7416666666666667,0.7426981919332406,0.7640750670241286,0.7574845117906527,0.015130980716046958,7,0.9517047188542336,0.9666463034455829,0.9542259381851782,0.9568296714023901,0.9596223417224407,0.9578057947219651,0.005146761191275713,43,0.960431654676259,0.9320388349514563,0.9112627986348123,0.9143835616438356,0.8934169278996865,0.9223067555612099,0.022660933037047245,52,0.6238317757009346,0.6744730679156908,0.6252927400468384,0.6252927400468384,0.667447306791569,0.6432675261003743,0.022726116673078302,28
7.301919078826904,1.7976625128920678,6.723355054855347,3.260563171113038,balanced_subsample,20,sqrt,5,2,300,"{'class_weight': 'balanced_subsample', 'max_depth': 20, 'max_features': 'sqrt', 'min_samples_leaf': 5, 'min_samples_split': 2, 'n_estimators': 300}",0.7563739376770539,0.779291553133515,0.7419804741980475,0.7377279102384292,0.762550881953867,0.7555849514401825,0.014933890133268362,31,0.9522800794195051,0.9673066836050278,0.9532875505744137,0.9562961490119938,0.959320042357899,0.957698100993768,0.005398683834530943,46,0.960431654676259,0.9315960912052117,0.9172413793103448,0.9195804195804196,0.9064516129032258,0.9270602315350922,0.018500262231742667,46,0.6238317757009346,0.6697892271662763,0.6229508196721312,0.6159250585480094,0.65807962529274,0.6381153012760183,0.021578689915019683,34
10.102838516235352,0.8179979767507537,1.650816059112549,0.7870052538026218,balanced_subsample,20,sqrt,5,2,400,"{'class_weight': 'balanced_subsample', 'max_depth': 20, 'max_features': 'sqrt', 'min_samples_leaf': 5, 'min_samples_split': 2, 'n_estimators': 400}",0.7570621468926554,0.773224043715847,0.7399165507649513,0.7402234636871509,0.7648648648648648,0.7550582139850939,0.013262905412140816,38,0.9529407118314238,0.9675388063313723,0.9539533289367969,0.9568539633156122,0.9600407024501544,0.958265502573072,0.005255210332315528,34,0.9571428571428572,0.9278688524590164,0.910958904109589,0.916955017301038,0.9041533546325878,0.9234157971290177,0.018575800545659115,49,0.6261682242990654,0.6627634660421545,0.6229508196721312,0.6206088992974239,0.6627634660421545,0.639050975070586,0.019441475696417694,31
7.803890419006348,1.2521707508973463,3.288343620300293,1.2510003189511605,balanced_subsample,20,sqrt,5,5,250,"{'class_weight': 'balanced_subsample', 'max_depth': 20, 'max_features': 'sqrt', 'min_samples_leaf': 5, 'min_samples_split': 5, 'n_estimators': 250}",0.7563739376770539,0.782608695652174,0.7416666666666667,0.7426981919332406,0.7640750670241286,0.7574845117906527,0.015130980716046958,7,0.9517047188542336,0.9666463034455829,0.9542259381851782,0.9568296714023901,0.9596223417224407,0.9578057947219651,0.005146761191275713,43,0.960431654676259,0.9320388349514563,0.9112627986348123,0.9143835616438356,0.8934169278996865,0.9223067555612099,0.022660933037047245,52,0.6238317757009346,0.6744730679156908,0.6252927400468384,0.6252927400468384,0.667447306791569,0.6432675261003743,0.022726116673078302,28
8.71316990852356,1.0981866177296553,1.956028938293457,1.1099974564531012,balanced_subsample,20,sqrt,5,5,300,"{'class_weight': 'balanced_subsample', 'max_depth': 20, 'max_features': 'sqrt', 'min_samples_leaf': 5, 'min_samples_split': 5, 'n_estimators': 300}",0.7563739376770539,0.779291553133515,0.7419804741980475,0.7377279102384292,0.762550881953867,0.7555849514401825,0.014933890133268362,31,0.9522800794195051,0.9673066836050278,0.9532875505744137,0.9562961490119938,0.959320042357899,0.957698100993768,0.005398683834530943,46,0.960431654676259,0.9315960912052117,0.9172413793103448,0.9195804195804196,0.9064516129032258,0.9270602315350922,0.018500262231742667,46,0.6238317757009346,0.6697892271662763,0.6229508196721312,0.6159250585480094,0.65807962529274,0.6381153012760183,0.021578689915019683,34
9.84345908164978,0.7636204000534841,2.2886335849761963,0.9095752925633935,balanced_subsample,20,sqrt,5,5,400,"{'class_weight': 'balanced_subsample', 'max_depth': 20, 'max_features': 'sqrt', 'min_samples_leaf': 5, 'min_samples_split': 5, 'n_estimators': 400}",0.7570621468926554,0.773224043715847,0.7399165507649513,0.7402234636871509,0.7648648648648648,0.7550582139850939,0.013262905412140816,38,0.9529407118314238,0.9675388063313723,0.9539533289367969,0.9568539633156122,0.9600407024501544,0.958265502573072,0.005255210332315528,34,0.9571428571428572,0.9278688524590164,0.910958904109589,0.916955017301038,0.9041533546325878,0.9234157971290177,0.018575800545659115,49,0.6261682242990654,0.6627634660421545,0.6229508196721312,0.6206088992974239,0.6627634660421545,0.639050975070586,0.019441475696417694,31
4.875433731079101,1.1713346299916134,5.83589448928833,1.1377791558864856,balanced_subsample,20,sqrt,5,10,250,"{'class_weight': 'balanced_subsample', 'max_depth': 20, 'max_features': 'sqrt', 'min_samples_leaf': 5, 'min_samples_split': 10, 'n_estimators': 250}",0.7563739376770539,0.782608695652174,0.7416666666666667,0.7426981919332406,0.7640750670241286,0.7574845117906527,0.015130980716046958,7,0.9517047188542336,0.9666463034455829,0.9542259381851782,0.9568296714023901,0.9596223417224407,0.9578057947219651,0.005146761191275713,43,0.960431654676259,0.9320388349514563,0.9112627986348123,0.9143835616438356,0.8934169278996865,0.9223067555612099,0.022660933037047245,52,0.6238317757009346,0.6744730679156908,0.6252927400468384,0.6252927400468384,0.667447306791569,0.6432675261003743,0.022726116673078302,28
8.080942344665527,0.4073180034126387,2.730674934387207,0.4605046748130085,balanced_subsample,20,sqrt,5,10,300,"{'class_weight': 'balanced_subsample', 'max_depth': 20, 'max_features': 'sqrt', 'min_samples_leaf': 5, 'min_samples_split': 10, 'n_estimators': 300}",0.7563739376770539,0.779291553133515,0.7419804741980475,0.7377279102384292,0.762550881953867,0.7555849514401825,0.014933890133268362,31,0.9522800794195051,0.9673066836050278,0.9532875505744137,0.9562961490119938,0.959320042357899,0.957698100993768,0.005398683834530943,46,0.960431654676259,0.9315960912052117,0.9172413793103448,0.9195804195804196,0.9064516129032258,0.9270602315350922,0.018500262231742667,46,0.6238317757009346,0.6697892271662763,0.6229508196721312,0.6159250585480094,0.65807962529274,0.6381153012760183,0.021578689915019683,34
9.770296812057495,0.4029326078007375,1.4444849014282226,0.3156691800974819,balanced_subsample,20,sqrt,5,10,400,"{'class_weight': 'balanced_subsample', 'max_depth': 20, 'max_features': 'sqrt', 'min_samples_leaf': 5, 'min_samples_split': 10, 'n_estimators': 400}",0.7570621468926554,0.773224043715847,0.7399165507649513,0.7402234636871509,0.7648648648648648,0.7550582139850939,0.013262905412140816,38,0.9529407118314238,0.9675388063313723,0.9539533289367969,0.9568539633156122,0.9600407024501544,0.958265502573072,0.005255210332315528,34,0.9571428571428572,0.9278688524590164,0.910958904109589,0.916955017301038,0.9041533546325878,0.9234157971290177,0.018575800545659115,49,0.6261682242990654,0.6627634660421545,0.6229508196721312,0.6206088992974239,0.6627634660421545,0.639050975070586,0.019441475696417694,31
8.221714496612549,0.305875613203753,4.248067903518677,2.439205371215936,balanced_subsample,20,sqrt,7,2,250,"{'class_weight': 'balanced_subsample', 'max_depth': 20, 'max_features': 'sqrt', 'min_samples_leaf': 7, 'min_samples_split': 2, 'n_estimators': 250}",0.7472222222222222,0.7704485488126649,0.7428571428571429,0.7384196185286104,0.76657824933687,0.7531051563515021,0.012943053830930987,58,0.9477436171778788,0.9611788235696337,0.9491534268242102,0.9520666570098814,0.9529699563015471,0.9526224961766303,0.004679280428235055,79,0.9212328767123288,0.8821752265861027,0.8863636363636364,0.8827361563517915,0.8837920489296636,0.8912599889887046,0.01505527832344031,79,0.6285046728971962,0.6838407494145199,0.639344262295082,0.6346604215456675,0.6768149882903981,0.6526330188885728,0.02298030668229549,7
5.079050302505493,0.1923474308036795,5.348108005523682,0.28235891497878995,balanced_subsample,20,sqrt,7,2,300,"{'class_weight': 'balanced_subsample', 'max_depth': 20, 'max_features': 'sqrt', 'min_samples_leaf': 7, 'min_samples_split': 2, 'n_estimators': 300}",0.7510431154381085,0.7645502645502645,0.7486486486486487,0.7448840381991815,0.7702523240371846,0.7558756781746776,0.009780962762094045,22,0.9479366008308172,0.9612714927200734,0.9488853160782776,0.9518507288923518,0.9539308364245543,0.9527749949892149,0.004752270425683889,76,0.9278350515463918,0.878419452887538,0.8849840255591054,0.8921568627450981,0.8895705521472392,0.8945931889770744,0.0172633122777619,76,0.6308411214953271,0.6768149882903981,0.6487119437939111,0.639344262295082,0.6791569086651054,0.6549738449079647,0.01963537478358853,1
7.471108865737915,1.4553025132549102,3.196895980834961,1.3955739172631332,balanced_subsample,20,sqrt,7,2,400,"{'class_weight': 'balanced_subsample', 'max_depth': 20, 'max_features': 'sqrt', 'min_samples_leaf': 7, 'min_samples_split': 2, 'n_estimators': 400}",0.7559274755927475,0.7663551401869159,0.7503410641200545,0.7438692098092643,0.7733333333333333,0.7579652446084632,0.010654082096682834,4,0.9493431375013015,0.9605139449077401,0.9496320674847344,0.9520900492226136,0.9546694905266037,0.9532497379285987,0.004110434154906414,73,0.9377162629757786,0.8913043478260869,0.8986928104575164,0.8892508143322475,0.8978328173374613,0.9029594105858181,0.01775551025582259,73,0.633177570093458,0.6721311475409836,0.6440281030444965,0.639344262295082,0.6791569086651054,0.6535675983278251,0.018485002961786397,4
6.940582609176635,1.6430240923418413,3.212070035934448,1.5607733878491692,balanced_subsample,20,sqrt,7,5,250,"{'class_weight': 'balanced_subsample', 'max_depth': 20, 'max_features': 'sqrt', 'min_samples_leaf': 7, 'min_samples_split': 5, 'n_estimators': 250}",0.7472222222222222,0.7704485488126649,0.7428571428571429,0.7384196185286104,0.76657824933687,0.7531051563515021,0.012943053830930987,58,0.9477436171778788,0.9611788235696337,0.9491534268242102,0.9520666570098814,0.9529699563015471,0.9526224961766303,0.004679280428235055,79,0.9212328767123288,0.8821752265861027,0.8863636363636364,0.8827361563517915,0.8837920489296636,0.8912599889887046,0.01505527832344031,79,0.6285046728971962,0.6838407494145199,0.639344262295082,0.6346604215456675,0.6768149882903981,0.6526330188885728,0.02298030668229549,7
9.300767469406129,0.20463671233974365,0.8312788963317871,0.17306358188885343,balanced_subsample,20,sqrt,7,5,300,"{'class_weight': 'balanced_subsample', 'max_depth': 20, 'max_features': 'sqrt', 'min_samples_leaf': 7, 'min_samples_split': 5, 'n_estimators': 300}",0.7510431154381085,0.7645502645502645,0.7486486486486487,0.7448840381991815,0.7702523240371846,0.7558756781746776,0.009780962762094045,22,0.9479366008308172,0.9612714927200734,0.9488853160782776,0.9518507288923518,0.9539308364245543,0.9527749949892149,0.004752270425683889,76,0.9278350515463918,0.878419452887538,0.8849840255591054,0.8921568627450981,0.8895705521472392,0.8945931889770744,0.0172633122777619,76,0.6308411214953271,0.6768149882903981,0.6487119437939111,0.639344262295082,0.6791569086651054,0.6549738449079647,0.01963537478358853,1
7.3025566101074215,1.3075894906201861,5.183603096008301,1.6803847576482642,balanced_subsample,20,sqrt,7,5,400,"{'class_weight': 'balanced_subsample', 'max_depth': 20, 'max_features': 'sqrt', 'min_samples_leaf': 7, 'min_samples_split': 5, 'n_estimators': 400}",0.7559274755927475,0.7663551401869159,0.7503410641200545,0.7438692098092643,0.7733333333333333,0.7579652446084632,0.010654082096682834,4,0.9493431375013015,0.9605139449077401,0.9496320674847344,0.9520900492226136,0.9546694905266037,0.9532497379285987,0.004110434154906414,73,0.9377162629757786,0.8913043478260869,0.8986928104575164,0.8892508143322475,0.8978328173374613,0.9029594105858181,0.01775551025582259,73,0.633177570093458,0.6721311475409836,0.6440281030444965,0.639344262295082,0.6791569086651054,0.6535675983278251,0.018485002961786397,4
3.741402006149292,0.5249303771998881,7.216056966781617,0.2875947856727007,balanced_subsample,20,sqrt,7,10,250,"{'class_weight': 'balanced_subsample', 'max_depth': 20, 'max_features': 'sqrt', 'min_samples_leaf': 7, 'min_samples_split': 10, 'n_estimators': 250}",0.7472222222222222,0.7704485488126649,0.7428571428571429,0.7384196185286104,0.76657824933687,0.7531051563515021,0.012943053830930987,58,0.9477436171778788,0.9611788235696337,0.9491534268242102,0.9520666570098814,0.9529699563015471,0.9526224961766303,0.004679280428235055,79,0.9212328767123288,0.8821752265861027,0.8863636363636364,0.8827361563517915,0.8837920489296636,0.8912599889887046,0.01505527832344031,79,0.6285046728971962,0.6838407494145199,0.639344262295082,0.6346604215456675,0.6768149882903981,0.6526330188885728,0.02298030668229549,7
9.144986772537232,0.8893169804011206,2.18459734916687,0.8633002281982284,balanced_subsample,20,sqrt,7,10,300,"{'class_weight': 'balanced_subsample', 'max_depth': 20, 'max_features': 'sqrt', 'min_samples_leaf': 7, 'min_samples_split': 10, 'n_estimators': 300}",0.7510431154381085,0.7645502645502645,0.7486486486486487,0.7448840381991815,0.7702523240371846,0.7558756781746776,0.009780962762094045,22,0.9479366008308172,0.9612714927200734,0.9488853160782776,0.9518507288923518,0.9539308364245543,0.9527749949892149,0.004752270425683889,76,0.9278350515463918,0.878419452887538,0.8849840255591054,0.8921568627450981,0.8895705521472392,0.8945931889770744,0.0172633122777619,76,0.6308411214953271,0.6768149882903981,0.6487119437939111,0.639344262295082,0.6791569086651054,0.6549738449079647,0.01963537478358853,1
10.736811113357543,0.43872815081121247,2.5627604007720945,1.9183487062207705,balanced_subsample,20,sqrt,7,10,400,"{'class_weight': 'balanced_subsample', 'max_depth': 20, 'max_features': 'sqrt', 'min_samples_leaf': 7, 'min_samples_split': 10, 'n_estimators': 400}",0.7559274755927475,0.7663551401869159,0.7503410641200545,0.7438692098092643,0.7733333333333333,0.7579652446084632,0.010654082096682834,4,0.9493431375013015,0.9605139449077401,0.9496320674847344,0.9520900492226136,0.9546694905266037,0.9532497379285987,0.004110434154906414,73,0.9377162629757786,0.8913043478260869,0.8986928104575164,0.8892508143322475,0.8978328173374613,0.9029594105858181,0.01775551025582259,73,0.633177570093458,0.6721311475409836,0.6440281030444965,0.639344262295082,0.6791569086651054,0.6535675983278251,0.018485002961786397,4
5.789933681488037,2.383321578827108,5.076502799987793,2.446145712225006,balanced_subsample,30,sqrt,3,2,250,"{'class_weight': 'balanced_subsample', 'max_depth': 30, 'max_features': 'sqrt', 'min_samples_leaf': 3, 'min_samples_split': 2, 'n_estimators': 250}",0.7397660818713451,0.7716312056737589,0.727802037845706,0.7474747474747475,0.7670454545454546,0.7507439054822023,0.016489688336127756,66,0.9608350896341749,0.9716270453566007,0.9614073474940192,0.9646021839329686,0.9635567319639292,0.9644056796763385,0.0038638467245499593,7,0.98828125,0.9784172661870504,0.9615384615384616,0.9736842105263158,0.9747292418772563,0.9753300860258168,0.0086086253895152,11,0.5911214953271028,0.6370023419203747,0.585480093676815,0.6065573770491803,0.6323185011709602,0.6104959618288867,0.020954653280778942,70
5.108956527709961,0.4054130655484366,5.571571254730225,0.3852418718822101,balanced_subsample,30,sqrt,3,2,300,"{'class_weight': 'balanced_subsample', 'max_depth': 30, 'max_features': 'sqrt', 'min_samples_leaf': 3, 'min_samples_split': 2, 'n_estimators': 300}",0.7360703812316716,0.7716312056737589,0.7299270072992701,0.7420289855072464,0.7718309859154929,0.750297713125488,0.017913984629086194,68,0.9617299952247765,0.9716918237918597,0.9608657277992156,0.9637519669701956,0.963977791793112,0.964403461115832,0.0038311576940019414,9,0.9881889763779528,0.9784172661870504,0.9689922480620154,0.973384030418251,0.9681978798586572,0.9754360801807854,0.007343694654950482,9,0.5864485981308412,0.6370023419203747,0.585480093676815,0.5995316159250585,0.6416861826697893,0.6100297664645759,0.024489253203790803,72
8.857472562789917,1.3967906080046655,2.186329221725464,1.2006691123220037,balanced_subsample,30,sqrt,3,2,400,"{'class_weight': 'balanced_subsample', 'max_depth': 30, 'max_features': 'sqrt', 'min_samples_leaf': 3, 'min_samples_split': 2, 'n_estimators': 400}",0.7323529411764705,0.773371104815864,0.7272727272727273,0.7434402332361516,0.7677053824362606,0.7488284777874948,0.018567740502244297,76,0.9611223211176178,0.9719248462186938,0.9619588638942096,0.964794719837766,0.9641784250023167,0.9647958352141208,0.0038143703701720593,1,0.9880952380952381,0.978494623655914,0.9725490196078431,0.9845559845559846,0.9713261648745519,0.9790042061579063,0.006547526719889024,5,0.5817757009345794,0.639344262295082,0.5807962529274004,0.5971896955503513,0.6346604215456675,0.6067532666506161,0.02541688231923791,80
7.469456529617309,1.4538925703762302,2.9387481212615967,1.3464509536800575,balanced_subsample,30,sqrt,3,5,250,"{'class_weight': 'balanced_subsample', 'max_depth': 30, 'max_features': 'sqrt', 'min_samples_leaf': 3, 'min_samples_split': 5, 'n_estimators': 250}",0.7397660818713451,0.7716312056737589,0.727802037845706,0.7474747474747475,0.7670454545454546,0.7507439054822023,0.016489688336127756,66,0.9608350896341749,0.9716270453566007,0.9614073474940192,0.9646021839329686,0.9635567319639292,0.9644056796763385,0.0038638467245499593,7,0.98828125,0.9784172661870504,0.9615384615384616,0.9736842105263158,0.9747292418772563,0.9753300860258168,0.0086086253895152,11,0.5911214953271028,0.6370023419203747,0.585480093676815,0.6065573770491803,0.6323185011709602,0.6104959618288867,0.020954653280778942,70
7.752314853668213,1.9909118111997746,5.690943813323974,3.197995059045952,balanced_subsample,30,sqrt,3,5,300,"{'class_weight': 'balanced_subsample', 'max_depth': 30, 'max_features': 'sqrt', 'min_samples_leaf': 3, 'min_samples_split': 5, 'n_estimators': 300}",0.7360703812316716,0.7716312056737589,0.7299270072992701,0.7420289855072464,0.7718309859154929,0.750297713125488,0.017913984629086194,68,0.9617299952247765,0.9716918237918597,0.9608657277992156,0.9637519669701956,0.963977791793112,0.964403461115832,0.0038311576940019414,9,0.9881889763779528,0.9784172661870504,0.9689922480620154,0.973384030418251,0.9681978798586572,0.9754360801807854,0.007343694654950482,9,0.5864485981308412,0.6370023419203747,0.585480093676815,0.5995316159250585,0.6416861826697893,0.6100297664645759,0.024489253203790803,72
7.132266807556152,1.098519794896171,4.653787899017334,0.9721705867996596,balanced_subsample,30,sqrt,3,5,400,"{'class_weight': 'balanced_subsample', 'max_depth': 30, 'max_features': 'sqrt', 'min_samples_leaf': 3, 'min_samples_split': 5, 'n_estimators': 400}",0.7323529411764705,0.773371104815864,0.7272727272727273,0.7434402332361516,0.7677053824362606,0.7488284777874948,0.018567740502244297,76,0.9611223211176178,0.9719248462186938,0.9619588638942096,0.964794719837766,0.9641784250023167,0.9647958352141208,0.0038143703701720593,1,0.9880952380952381,0.978494623655914,0.9725490196078431,0.9845559845559846,0.9713261648745519,0.9790042061579063,0.006547526719889024,5,0.5817757009345794,0.639344262295082,0.5807962529274004,0.5971896955503513,0.6346604215456675,0.6067532666506161,0.02541688231923791,80
5.661234664916992,1.065036611256515,5.585230207443237,0.9758065992776406,balanced_subsample,30,sqrt,3,10,250,"{'class_weight': 'balanced_subsample', 'max_depth': 30, 'max_features': 'sqrt', 'min_samples_leaf': 3, 'min_samples_split': 10, 'n_estimators': 250}",0.7357664233576642,0.7832167832167832,0.74,0.739568345323741,0.7623066104078763,0.7521716324612129,0.018125349831586784,64,0.955335504324629,0.9689315426894386,0.9575314377843616,0.9634802574223041,0.9634730598183865,0.9617503604078239,0.004826578551572579,23,0.980544747081712,0.9722222222222222,0.9487179487179487,0.9589552238805971,0.954225352112676,0.9629330988030311,0.011748845068790956,17,0.5887850467289719,0.6557377049180327,0.6065573770491803,0.6018735362997658,0.6346604215456675,0.6175228173083236,0.02426963307531297,64
9.588594675064087,0.28787733851625946,2.0435789585113526,0.15767419815731318,balanced_subsample,30,sqrt,3,10,300,"{'class_weight': 'balanced_subsample', 'max_depth': 30, 'max_features': 'sqrt', 'min_samples_leaf': 3, 'min_samples_split': 10, 'n_estimators': 300}",0.7376093294460642,0.7894002789400278,0.7425320056899004,0.7377521613832853,0.764456981664316,0.7543501514247188,0.020129959855287337,55,0.9563919776246675,0.9694902566935468,0.9578409347528208,0.9628774580942004,0.9632067484734332,0.9619614751277338,0.004627535797463735,21,0.9806201550387597,0.9758620689655172,0.9456521739130435,0.9588014981273408,0.9609929078014184,0.9643857607692159,0.01256108215185123,15,0.5911214953271028,0.6627634660421545,0.6112412177985949,0.5995316159250585,0.6346604215456675,0.6198636433277156,0.025973787042163517,59
9.217571020126343,2.2821220129061524,5.336540031433105,2.9323386718576576,balanced_subsample,30,sqrt,3,10,400,"{'class_weight': 'balanced_subsample', 'max_depth': 30, 'max_features': 'sqrt', 'min_samples_leaf': 3, 'min_samples_split': 10, 'n_estimators': 400}",0.7365356622998545,0.7827298050139275,0.7428571428571429,0.7385057471264368,0.7661971830985915,0.7533651080791907,0.01811847544162635,57,0.9569161750819507,0.969593722249863,0.9587469331459557,0.9637168786510969,0.9634577649100614,0.9624862948077855,0.004426797375022422,15,0.9768339768339769,0.9656357388316151,0.9523809523809523,0.9553903345724907,0.9611307420494699,0.962274348933701,0.00860068011754002,20,0.5911214953271028,0.65807962529274,0.6088992974238876,0.6018735362997658,0.6370023419203747,0.6193952592527742,0.02458890502831634,60
3.7247496128082274,0.6645417375161998,7.425402641296387,0.7161431822269806,balanced_subsample,30,sqrt,5,2,250,"{'class_weight': 'balanced_subsample', 'max_depth': 30, 'max_features': 'sqrt', 'min_samples_leaf': 5, 'min_samples_split': 2, 'n_estimators': 250}",0.7485714285714286,0.7852257181942545,0.7394957983193278,0.7390691114245416,0.7647867950481431,0.755429770311539,0.017572432365727392,34,0.9518124306605247,0.9648981853940821,0.954653295917789,0.9553460652948634,0.9595755572969757,0.957257106912847,0.0045571417313117184,52,0.9632352941176471,0.944078947368421,0.9198606271777003,0.9290780141843972,0.9266666666666666,0.9365839099029664,0.015497291609970112,43,0.6121495327102804,0.6721311475409836,0.6182669789227166,0.6135831381733021,0.6510538641686182,0.6334369323031802,0.024021043231157762,40
6.447027063369751,1.0111607404318026,4.813492631912231,0.9751193713381261,balanced_subsample,30,sqrt,5,2,300,"{'class_weight': 'balanced_subsample', 'max_depth': 30, 'max_features': 'sqrt', 'min_samples_leaf': 5, 'min_samples_split': 2, 'n_estimators': 300}",0.7507163323782235,0.7797537619699042,0.7405329593267882,0.7426160337552743,0.7700831024930748,0.7567404379846531,0.015531328241151075,10,0.9530376524570858,0.9654604982001492,0.954984385698001,0.9560028466523494,0.9607145781169448,0.9580399922249061,0.00448837197893134,40,0.9703703703703703,0.9375,0.9230769230769231,0.9295774647887324,0.9423728813559322,0.9405795279183916,0.01629466459977813,31,0.6121495327102804,0.667447306791569,0.6182669789227166,0.6182669789227166,0.6510538641686182,0.6334369323031802,0.021819579344023125,40
10.09438099861145,0.3802991071787058,2.2104883670806883,0.28003677913189906,balanced_subsample,30,sqrt,5,2,400,"{'class_weight': 'balanced_subsample', 'max_depth': 30, 'max_features': 'sqrt', 'min_samples_leaf': 5, 'min_samples_split': 2, 'n_estimators': 400}",0.7431850789096126,0.7835616438356164,0.7450980392156863,0.7464788732394366,0.7634854771784232,0.756361822475755,0.015419136216251196,13,0.9543580196825374,0.9656152466843788,0.9553775548120031,0.9563915172639028,0.9604266739602386,0.9584338024806123,0.004139281621766554,31,0.9628252788104089,0.9438943894389439,0.926829268292683,0.9363957597173145,0.9324324324324325,0.9404754257383565,0.01248003424933409,37,0.6051401869158879,0.6697892271662763,0.6229508196721312,0.6206088992974239,0.6463700234192038,0.6329718312941847,0.022640209280424404,49
8.293629217147828,1.372482310431329,3.736364507675171,3.2412659635324115,balanced_subsample,30,sqrt,5,5,250,"{'class_weight': 'balanced_subsample', 'max_depth': 30, 'max_features': 'sqrt', 'min_samples_leaf': 5, 'min_samples_split': 5, 'n_estimators': 250}",0.7485714285714286,0.7852257181942545,0.7394957983193278,0.7390691114245416,0.7647867950481431,0.755429770311539,0.017572432365727392,34,0.9518124306605247,0.9648981853940821,0.954653295917789,0.9553460652948634,0.9595755572969757,0.957257106912847,0.0045571417313117184,52,0.9632352941176471,0.944078947368421,0.9198606271777003,0.9290780141843972,0.9266666666666666,0.9365839099029664,0.015497291609970112,43,0.6121495327102804,0.6721311475409836,0.6182669789227166,0.6135831381733021,0.6510538641686182,0.6334369323031802,0.024021043231157762,40
5.281462240219116,1.1308409564582536,7.054497861862183,1.1912296620040592,balanced_subsample,30,sqrt,5,5,300,"{'class_weight': 'balanced_subsample', 'max_depth': 30, 'max_features': 'sqrt', 'min_samples_leaf': 5, 'min_samples_split': 5, 'n_estimators': 300}",0.7507163323782235,0.7797537619699042,0.7405329593267882,0.7426160337552743,0.7700831024930748,0.7567404379846531,0.015531328241151075,10,0.9530376524570858,0.9654604982001492,0.954984385698001,0.9560028466523494,0.9607145781169448,0.9580399922249061,0.00448837197893134,40,0.9703703703703703,0.9375,0.9230769230769231,0.9295774647887324,0.9423728813559322,0.9405795279183916,0.01629466459977813,31,0.6121495327102804,0.667447306791569,0.6182669789227166,0.6182669789227166,0.6510538641686182,0.6334369323031802,0.021819579344023125,40
8.335174512863158,0.270170892254629,3.8261769294738768,0.2545771456854222,balanced_subsample,30,sqrt,5,5,400,"{'class_weight': 'balanced_subsample', 'max_depth': 30, 'max_features': 'sqrt', 'min_samples_leaf': 5, 'min_samples_split': 5, 'n_estimators': 400}",0.7431850789096126,0.7835616438356164,0.7450980392156863,0.7464788732394366,0.7634854771784232,0.756361822475755,0.015419136216251196,13,0.9543580196825374,0.9656152466843788,0.9553775548120031,0.9563915172639028,0.9604266739602386,0.9584338024806123,0.004139281621766554,31,0.9628252788104089,0.9438943894389439,0.926829268292683,0.9363957597173145,0.9324324324324325,0.9404754257383565,0.01248003424933409,37,0.6051401869158879,0.6697892271662763,0.6229508196721312,0.6206088992974239,0.6463700234192038,0.6329718312941847,0.022640209280424404,49
8.040279769897461,0.8585395195855113,3.6275224685668945,0.8735251716910157,balanced_subsample,30,sqrt,5,10,250,"{'class_weight': 'balanced_subsample', 'max_depth': 30, 'max_features': 'sqrt', 'min_samples_leaf': 5, 'min_samples_split': 10, 'n_estimators': 250}",0.7485714285714286,0.7852257181942545,0.7394957983193278,0.7390691114245416,0.7647867950481431,0.755429770311539,0.017572432365727392,34,0.9518124306605247,0.9648981853940821,0.954653295917789,0.9553460652948634,0.9595755572969757,0.957257106912847,0.0045571417313117184,52,0.9632352941176471,0.944078947368421,0.9198606271777003,0.9290780141843972,0.9266666666666666,0.9365839099029664,0.015497291609970112,43,0.6121495327102804,0.6721311475409836,0.6182669789227166,0.6135831381733021,0.6510538641686182,0.6334369323031802,0.024021043231157762,40
10.087051677703858,0.2688317656542759,0.8269947528839111,0.1826306466758727,balanced_subsample,30,sqrt,5,10,300,"{'class_weight': 'balanced_subsample', 'max_depth': 30, 'max_features': 'sqrt', 'min_samples_leaf': 5, 'min_samples_split': 10, 'n_estimators': 300}",0.7507163323782235,0.7797537619699042,0.7405329593267882,0.7426160337552743,0.7700831024930748,0.7567404379846531,0.015531328241151075,10,0.9530376524570858,0.9654604982001492,0.954984385698001,0.9560028466523494,0.9607145781169448,0.9580399922249061,0.00448837197893134,40,0.9703703703703703,0.9375,0.9230769230769231,0.9295774647887324,0.9423728813559322,0.9405795279183916,0.01629466459977813,31,0.6121495327102804,0.667447306791569,0.6182669789227166,0.6182669789227166,0.6510538641686182,0.6334369323031802,0.021819579344023125,40
7.85692982673645,1.4151377489773749,5.493190765380859,2.2378021078388306,balanced_subsample,30,sqrt,5,10,400,"{'class_weight': 'balanced_subsample', 'max_depth': 30, 'max_features': 'sqrt', 'min_samples_leaf': 5, 'min_samples_split': 10, 'n_estimators': 400}",0.7431850789096126,0.7835616438356164,0.7450980392156863,0.7464788732394366,0.7634854771784232,0.756361822475755,0.015419136216251196,13,0.9543580196825374,0.9656152466843788,0.9553775548120031,0.9563915172639028,0.9604266739602386,0.9584338024806123,0.004139281621766554,31,0.9628252788104089,0.9438943894389439,0.926829268292683,0.9363957597173145,0.9324324324324325,0.9404754257383565,0.01248003424933409,37,0.6051401869158879,0.6697892271662763,0.6229508196721312,0.6206088992974239,0.6463700234192038,0.6329718312941847,0.022640209280424404,49
4.689730024337768,0.8969411537863783,6.702862882614136,0.780778160700537,balanced_subsample,30,sqrt,7,2,250,"{'class_weight': 'balanced_subsample', 'max_depth': 30, 'max_features': 'sqrt', 'min_samples_leaf': 7, 'min_samples_split': 2, 'n_estimators': 250}",0.7545582047685835,0.772972972972973,0.7400275103163686,0.7448275862068966,0.7624161073825504,0.7549604763294744,0.011881643222426328,41,0.9494508493075925,0.9608405361855038,0.9504031108044131,0.952086450420655,0.9560325367685099,0.9537626966973349,0.004193724660332995,61,0.9438596491228071,0.9137380191693291,0.8966666666666666,0.9060402684563759,0.8930817610062893,0.9106772728842936,0.018098835297082227,67,0.6285046728971962,0.6697892271662763,0.629976580796253,0.6323185011709602,0.6651053864168618,0.6451388736895095,0.018315322930897705,19
7.31225209236145,0.6969151504674056,4.229333972930908,0.642489081511952,balanced_subsample,30,sqrt,7,2,300,"{'class_weight': 'balanced_subsample', 'max_depth': 30, 'max_features': 'sqrt', 'min_samples_leaf': 7, 'min_samples_split': 2, 'n_estimators': 300}",0.7535410764872521,0.7698519515477793,0.7445054945054945,0.7420689655172413,0.7636849132176236,0.7547304802550782,0.010724921762840702,48,0.950411279580355,0.9606569972856036,0.9498425973993257,0.9516554938860853,0.9556006805334504,0.953633409736964,0.0040463679634603275,70,0.9568345323741008,0.9050632911392406,0.9003322259136213,0.9026845637583892,0.8881987577639752,0.9106226741898654,0.02382511921299506,70,0.6214953271028038,0.6697892271662763,0.6346604215456675,0.629976580796253,0.6697892271662763,0.6451421567554554,0.02056205329959,16
11.090051126480102,0.4369490603975674,4.376128339767456,2.146512317749256,balanced_subsample,30,sqrt,7,2,400,"{'class_weight': 'balanced_subsample', 'max_depth': 30, 'max_features': 'sqrt', 'min_samples_leaf': 7, 'min_samples_split': 2, 'n_estimators': 400}",0.7507082152974505,0.7696476964769647,0.7455295735900963,0.7413554633471646,0.7663551401869159,0.7547192177797184,0.011290542947605958,51,0.9510710143938876,0.9609278071330054,0.9500036437869833,0.951816540273743,0.9566101444829017,0.9540858300141043,0.004100923017454829,58,0.9532374100719424,0.9131832797427653,0.9033333333333333,0.9054054054054054,0.8913043478260869,0.9132927552759067,0.021168268078688036,55,0.6191588785046729,0.6651053864168618,0.6346604215456675,0.6276346604215457,0.6721311475409836,0.6437380988859464,0.021017084570312244,25
6.7186681747436525,2.8073828543470887,4.123396205902099,2.2312579504378856,balanced_subsample,30,sqrt,7,5,250,"{'class_weight': 'balanced_subsample', 'max_depth': 30, 'max_features': 'sqrt', 'min_samples_leaf': 7, 'min_samples_split': 5, 'n_estimators': 250}",0.7545582047685835,0.772972972972973,0.7400275103163686,0.7448275862068966,0.7624161073825504,0.7549604763294744,0.011881643222426328,41,0.9494508493075925,0.9608405361855038,0.9504031108044131,0.952086450420655,0.9560325367685099,0.9537626966973349,0.004193724660332995,61,0.9438596491228071,0.9137380191693291,0.8966666666666666,0.9060402684563759,0.8930817610062893,0.9106772728842936,0.018098835297082227,67,0.6285046728971962,0.6697892271662763,0.629976580796253,0.6323185011709602,0.6651053864168618,0.6451388736895095,0.018315322930897705,19
4.619366836547852,0.22240457334354657,5.376377439498901,0.19481257862516338,balanced_subsample,30,sqrt,7,5,300,"{'class_weight': 'balanced_subsample', 'max_depth': 30, 'max_features': 'sqrt', 'min_samples_leaf': 7, 'min_samples_split': 5, 'n_estimators': 300}",0.7535410764872521,0.7698519515477793,0.7445054945054945,0.7420689655172413,0.7636849132176236,0.7547304802550782,0.010724921762840702,48,0.950411279580355,0.9606569972856036,0.9498425973993257,0.9516554938860853,0.9556006805334504,0.953633409736964,0.0040463679634603275,70,0.9568345323741008,0.9050632911392406,0.9003322259136213,0.9026845637583892,0.8881987577639752,0.9106226741898654,0.02382511921299506,70,0.6214953271028038,0.6697892271662763,0.6346604215456675,0.629976580796253,0.6697892271662763,0.6451421567554554,0.02056205329959,16
8.281667852401734,1.674030528689109,2.464986228942871,1.4603600269233803,balanced_subsample,30,sqrt,7,5,400,"{'class_weight': 'balanced_subsample', 'max_depth': 30, 'max_features': 'sqrt', 'min_samples_leaf': 7, 'min_samples_split': 5, 'n_estimators': 400}",0.7507082152974505,0.7696476964769647,0.7455295735900963,0.7413554633471646,0.7663551401869159,0.7547192177797184,0.011290542947605958,51,0.9510710143938876,0.9609278071330054,0.9500036437869833,0.951816540273743,0.9566101444829017,0.9540858300141043,0.004100923017454829,58,0.9532374100719424,0.9131832797427653,0.9033333333333333,0.9054054054054054,0.8913043478260869,0.9132927552759067,0.021168268078688036,55,0.6191588785046729,0.6651053864168618,0.6346604215456675,0.6276346604215457,0.6721311475409836,0.6437380988859464,0.021017084570312244,25
8.475112771987915,0.15745770821829552,2.124137115478516,0.99202431245235,balanced_subsample,30,sqrt,7,10,250,"{'class_weight': 'balanced_subsample', 'max_depth': 30, 'max_features': 'sqrt', 'min_samples_leaf': 7, 'min_samples_split': 10, 'n_estimators': 250}",0.7545582047685835,0.772972972972973,0.7400275103163686,0.7448275862068966,0.7624161073825504,0.7549604763294744,0.011881643222426328,41,0.9494508493075925,0.9608405361855038,0.9504031108044131,0.952086450420655,0.9560325367685099,0.9537626966973349,0.004193724660332995,61,0.9438596491228071,0.9137380191693291,0.8966666666666666,0.9060402684563759,0.8930817610062893,0.9106772728842936,0.018098835297082227,67,0.6285046728971962,0.6697892271662763,0.629976580796253,0.6323185011709602,0.6651053864168618,0.6451388736895095,0.018315322930897705,19
6.607398939132691,1.7450609410524116,7.788875532150269,0.73703857333959,balanced_subsample,30,sqrt,7,10,300,"{'class_weight': 'balanced_subsample', 'max_depth': 30, 'max_features': 'sqrt', 'min_samples_leaf': 7, 'min_samples_split': 10, 'n_estimators': 300}",0.7535410764872521,0.7698519515477793,0.7445054945054945,0.7420689655172413,0.7636849132176236,0.7547304802550782,0.010724921762840702,48,0.950411279580355,0.9606569972856036,0.9498425973993257,0.9516554938860853,0.9556006805334504,0.953633409736964,0.0040463679634603275,70,0.9568345323741008,0.9050632911392406,0.9003322259136213,0.9026845637583892,0.8881987577639752,0.9106226741898654,0.02382511921299506,70,0.6214953271028038,0.6697892271662763,0.6346604215456675,0.629976580796253,0.6697892271662763,0.6451421567554554,0.02056205329959,16
8.166035509109497,1.3816464143951483,3.5373464584350587,1.3536115336796442,balanced_subsample,30,sqrt,7,10,400,"{'class_weight': 'balanced_subsample', 'max_depth': 30, 'max_features': 'sqrt', 'min_samples_leaf': 7, 'min_samples_split': 10, 'n_estimators': 400}",0.7507082152974505,0.7696476964769647,0.7455295735900963,0.7413554633471646,0.7663551401869159,0.7547192177797184,0.011290542947605958,51,0.9510710143938876,0.9609278071330054,0.9500036437869833,0.951816540273743,0.9566101444829017,0.9540858300141043,0.004100923017454829,58,0.9532374100719424,0.9131832797427653,0.9033333333333333,0.9054054054054054,0.8913043478260869,0.9132927552759067,0.021168268078688036,55,0.6191588785046729,0.6651053864168618,0.6346604215456675,0.6276346604215457,0.6721311475409836,0.6437380988859464,0.021017084570312244,25
8.211279010772705,0.3281288670675611,2.6572826385498045,0.22922094491423647,balanced_subsample,,sqrt,3,2,250,"{'class_weight': 'balanced_subsample', 'max_depth': None, 'max_features': 'sqrt', 'min_samples_leaf': 3, 'min_samples_split': 2, 'n_estimators': 250}",0.7286135693215339,0.773371104815864,0.7331378299120235,0.747093023255814,0.7677053824362606,0.7499841819482992,0.017943525670873473,72,0.9599204368790862,0.9715613672208522,0.9617609297864741,0.9648496015676381,0.9640596645376754,0.9644303999983451,0.003965594704835776,5,0.988,0.978494623655914,0.9803921568627451,0.9846743295019157,0.9713261648745519,0.9805774549790254,0.005689243284554848,1,0.5771028037383178,0.639344262295082,0.585480093676815,0.6018735362997658,0.6346604215456675,0.6076922235111296,0.025266909977630068,76
9.093079328536987,0.6345891877624273,2.4331533908843994,1.0758878657216535,balanced_subsample,,sqrt,3,2,300,"{'class_weight': 'balanced_subsample', 'max_depth': None, 'max_features': 'sqrt', 'min_samples_leaf': 3, 'min_samples_split': 2, 'n_estimators': 300}",0.7304860088365243,0.7768361581920904,0.7331378299120235,0.7368421052631579,0.7655367231638418,0.7485677650735275,0.018918623067589246,80,0.9605783764958477,0.9717727968359333,0.9610987502260497,0.9640569654362063,0.9643547662982993,0.9643723310584672,0.003999426969193052,11,0.9880478087649402,0.9786476868327402,0.9803921568627451,0.980544747081712,0.9644128113879004,0.9784090421860077,0.007711695380486396,7,0.5794392523364486,0.6440281030444965,0.585480093676815,0.5901639344262295,0.6346604215456675,0.6067543610059314,0.026989004896504652,78
8.326759099960327,1.957074559551161,7.732965707778931,1.6216429414210731,balanced_subsample,,sqrt,3,2,400,"{'class_weight': 'balanced_subsample', 'max_depth': None, 'max_features': 'sqrt', 'min_samples_leaf': 3, 'min_samples_split': 2, 'n_estimators': 400}",0.7323529411764705,0.7768361581920904,0.7291361639824304,0.7434402332361516,0.7687943262411348,0.7501119645656555,0.019303327607096802,70,0.9597579715712639,0.9716711306805964,0.9621882875190849,0.96499715244795,0.9646975521848777,0.9646624188807547,0.003985229012482877,3,0.9880952380952381,0.9786476868327402,0.97265625,0.9845559845559846,0.9748201438848921,0.979755060673771,0.005806551869455089,3,0.5817757009345794,0.6440281030444965,0.5831381733021077,0.5971896955503513,0.6346604215456675,0.6081584188754404,0.026196808102514384,74
5.532059812545777,1.282168433313959,6.551118803024292,1.2184758422707598,balanced_subsample,,sqrt,3,5,250,"{'class_weight': 'balanced_subsample', 'max_depth': None, 'max_features': 'sqrt', 'min_samples_leaf': 3, 'min_samples_split': 5, 'n_estimators': 250}",0.7286135693215339,0.773371104815864,0.7331378299120235,0.747093023255814,0.7677053824362606,0.7499841819482992,0.017943525670873473,72,0.9599204368790862,0.9715613672208522,0.9617609297864741,0.9648496015676381,0.9640596645376754,0.9644303999983451,0.003965594704835776,5,0.988,0.978494623655914,0.9803921568627451,0.9846743295019157,0.9713261648745519,0.9805774549790254,0.005689243284554848,1,0.5771028037383178,0.639344262295082,0.585480093676815,0.6018735362997658,0.6346604215456675,0.6076922235111296,0.025266909977630068,76
9.597193717956543,0.9122907471126562,2.835954284667969,0.8864118713381127,balanced_subsample,,sqrt,3,5,300,"{'class_weight': 'balanced_subsample', 'max_depth': None, 'max_features': 'sqrt', 'min_samples_leaf': 3, 'min_samples_split': 5, 'n_estimators': 300}",0.7304860088365243,0.7768361581920904,0.7331378299120235,0.7368421052631579,0.7655367231638418,0.7485677650735275,0.018918623067589246,80,0.9605783764958477,0.9717727968359333,0.9610987502260497,0.9640569654362063,0.9643547662982993,0.9643723310584672,0.003999426969193052,11,0.9880478087649402,0.9786476868327402,0.9803921568627451,0.980544747081712,0.9644128113879004,0.9784090421860077,0.007711695380486396,7,0.5794392523364486,0.6440281030444965,0.585480093676815,0.5901639344262295,0.6346604215456675,0.6067543610059314,0.026989004896504652,78
11.322564506530762,0.18968799357027738,1.1919031143188477,0.09310667305194802,balanced_subsample,,sqrt,3,5,400,"{'class_weight': 'balanced_subsample', 'max_depth': None, 'max_features': 'sqrt', 'min_samples_leaf': 3, 'min_samples_split': 5, 'n_estimators': 400}",0.7323529411764705,0.7768361581920904,0.7291361639824304,0.7434402332361516,0.7687943262411348,0.7501119645656555,0.019303327607096802,70,0.9597579715712639,0.9716711306805964,0.9621882875190849,0.96499715244795,0.9646975521848777,0.9646624188807547,0.003985229012482877,3,0.9880952380952381,0.9786476868327402,0.97265625,0.9845559845559846,0.9748201438848921,0.979755060673771,0.005806551869455089,3,0.5817757009345794,0.6440281030444965,0.5831381733021077,0.5971896955503513,0.6346604215456675,0.6081584188754404,0.026196808102514384,74
6.014707040786743,2.5081166445291188,6.6866326332092285,2.355723537717202,balanced_subsample,,sqrt,3,10,250,"{'class_weight': 'balanced_subsample', 'max_depth': None, 'max_features': 'sqrt', 'min_samples_leaf': 3, 'min_samples_split': 10, 'n_estimators': 250}",0.7339181286549707,0.7821229050279329,0.7410586552217453,0.7385057471264368,0.7620396600566572,0.7515290192175487,0.018087769483263613,65,0.9547754029319154,0.9686589334410575,0.9568656594219783,0.9634046825811686,0.9637132798491382,0.9614835916450517,0.005029368222545031,24,0.98046875,0.9688581314878892,0.9522058823529411,0.9553903345724907,0.96415770609319,0.9642161609013021,0.010078094676058627,16,0.5864485981308412,0.6557377049180327,0.6065573770491803,0.6018735362997658,0.629976580796253,0.6161187594388146,0.02423371593950543,67
4.56195855140686,0.5274445312628747,7.109371376037598,0.24889224238505064,balanced_subsample,,sqrt,3,10,300,"{'class_weight': 'balanced_subsample', 'max_depth': None, 'max_features': 'sqrt', 'min_samples_leaf': 3, 'min_samples_split': 10, 'n_estimators': 300}",0.7383720930232558,0.7866108786610879,0.7428571428571429,0.739568345323741,0.7648725212464589,0.7544561962223373,0.018747308867201204,54,0.9558641897738411,0.9693966878426172,0.9574684587500821,0.9627748922383739,0.9634604640115306,0.961792938523289,0.00480443680584195,22,0.9769230769230769,0.9724137931034482,0.9523809523809523,0.9589552238805971,0.967741935483871,0.9656829963543891,0.008922887007432165,13,0.5934579439252337,0.6604215456674473,0.6088992974238876,0.6018735362997658,0.6323185011709602,0.619394164897459,0.024249068720354504,61
10.541502332687378,0.8773105376418334,4.162318181991577,2.1473855861758384,balanced_subsample,,sqrt,3,10,400,"{'class_weight': 'balanced_subsample', 'max_depth': None, 'max_features': 'sqrt', 'min_samples_leaf': 3, 'min_samples_split': 10, 'n_estimators': 400}",0.7365356622998545,0.7821229050279329,0.7457142857142857,0.7385057471264368,0.7735583684950773,0.7552873937327174,0.018861965310769203,37,0.9565068702180446,0.9694857581910982,0.9585373029318539,0.9640173786146592,0.9638329400142692,0.9624760499939852,0.0045716012308528,16,0.9768339768339769,0.9688581314878892,0.9560439560439561,0.9553903345724907,0.9683098591549296,0.9650872516186485,0.008226805973850242,14,0.5911214953271028,0.6557377049180327,0.6112412177985949,0.6018735362997658,0.6440281030444965,0.6208004114775986,0.02486195076870708,58
9.17600712776184,0.9126992596974203,2.31935567855835,0.9137031125874726,balanced_subsample,,sqrt,5,2,250,"{'class_weight': 'balanced_subsample', 'max_depth': None, 'max_features': 'sqrt', 'min_samples_leaf': 5, 'min_samples_split': 2, 'n_estimators': 250}",0.7478510028653295,0.781292984869326,0.7394957983193278,0.7443820224719101,0.7658402203856749,0.7557724057823136,0.015556852216688037,25,0.9524048455951257,0.964785722832869,0.9550428662298319,0.9558867852891774,0.9592273732074592,0.9574695186308926,0.004258203759876882,49,0.9666666666666667,0.9466666666666667,0.9198606271777003,0.9298245614035088,0.9297658862876255,0.9385568816404335,0.016486440333445696,40,0.6098130841121495,0.6651053864168618,0.6182669789227166,0.6206088992974239,0.6510538641686182,0.632969642583554,0.021283456465558282,52
8.16845088005066,2.203078579263642,3.8989807605743407,3.0450657603241695,balanced_subsample,,sqrt,5,2,300,"{'class_weight': 'balanced_subsample', 'max_depth': None, 'max_features': 'sqrt', 'min_samples_leaf': 5, 'min_samples_split': 2, 'n_estimators': 300}",0.7478510028653295,0.7852257181942545,0.7415730337078652,0.7478991596638656,0.7696551724137931,0.7584408173690216,0.016437673286220353,1,0.953506198814452,0.9651465027292414,0.9553307703865384,0.9565066789265854,0.9603690931288974,0.9581718487971429,0.0041493731362692386,37,0.9666666666666667,0.944078947368421,0.9263157894736842,0.9303135888501742,0.9362416107382551,0.9407233206194402,0.0142852555293052,28,0.6098130841121495,0.6721311475409836,0.6182669789227166,0.6252927400468384,0.6533957845433255,0.6357799470332027,0.02333534247408618,37
7.247112464904785,1.2100674011436325,4.9927092552185055,1.077997669288748,balanced_subsample,,sqrt,5,2,400,"{'class_weight': 'balanced_subsample', 'max_depth': None, 'max_features': 'sqrt', 'min_samples_leaf': 5, 'min_samples_split': 2, 'n_estimators': 400}",0.739568345323741,0.7835616438356164,0.7450980392156863,0.7471910112359551,0.7662517289073306,0.7563341537036659,0.01631339431516329,16,0.9547053902578263,0.965384023658524,0.9556294709491211,0.9567091115367694,0.9600083132325248,0.9584872619269531,0.0038861358921446674,28,0.9625468164794008,0.9438943894389439,0.926829268292683,0.9333333333333333,0.9358108108108109,0.9404829236710344,0.012311141704253903,34,0.6004672897196262,0.6697892271662763,0.6229508196721312,0.6229508196721312,0.6487119437939111,0.6329740200048152,0.02391927393206135,46
6.393361139297485,1.8471650615209982,5.395455074310303,1.4892838710647909,balanced_subsample,,sqrt,5,5,250,"{'class_weight': 'balanced_subsample', 'max_depth': None, 'max_features': 'sqrt', 'min_samples_leaf': 5, 'min_samples_split': 5, 'n_estimators': 250}",0.7478510028653295,0.781292984869326,0.7394957983193278,0.7443820224719101,0.7658402203856749,0.7557724057823136,0.015556852216688037,25,0.9524048455951257,0.964785722832869,0.9550428662298319,0.9558867852891774,0.9592273732074592,0.9574695186308926,0.004258203759876882,49,0.9666666666666667,0.9466666666666667,0.9198606271777003,0.9298245614035088,0.9297658862876255,0.9385568816404335,0.016486440333445696,40,0.6098130841121495,0.6651053864168618,0.6182669789227166,0.6206088992974239,0.6510538641686182,0.632969642583554,0.021283456465558282,52
9.468797206878662,0.7702728491983603,4.051543664932251,0.691463242784866,balanced_subsample,,sqrt,5,5,300,"{'class_weight': 'balanced_subsample', 'max_depth': None, 'max_features': 'sqrt', 'min_samples_leaf': 5, 'min_samples_split': 5, 'n_estimators': 300}",0.7478510028653295,0.7852257181942545,0.7415730337078652,0.7478991596638656,0.7696551724137931,0.7584408173690216,0.016437673286220353,1,0.953506198814452,0.9651465027292414,0.9553307703865384,0.9565066789265854,0.9603690931288974,0.9581718487971429,0.0041493731362692386,37,0.9666666666666667,0.944078947368421,0.9263157894736842,0.9303135888501742,0.9362416107382551,0.9407233206194402,0.0142852555293052,28,0.6098130841121495,0.6721311475409836,0.6182669789227166,0.6252927400468384,0.6533957845433255,0.6357799470332027,0.02333534247408618,37
10.24628529548645,1.7474774897536705,6.1780530452728275,1.3991214954306868,balanced_subsample,,sqrt,5,5,400,"{'class_weight': 'balanced_subsample', 'max_depth': None, 'max_features': 'sqrt', 'min_samples_leaf': 5, 'min_samples_split': 5, 'n_estimators': 400}",0.739568345323741,0.7835616438356164,0.7450980392156863,0.7471910112359551,0.7662517289073306,0.7563341537036659,0.01631339431516329,16,0.9547053902578263,0.965384023658524,0.9556294709491211,0.9567091115367694,0.9600083132325248,0.9584872619269531,0.0038861358921446674,28,0.9625468164794008,0.9438943894389439,0.926829268292683,0.9333333333333333,0.9358108108108109,0.9404829236710344,0.012311141704253903,34,0.6004672897196262,0.6697892271662763,0.6229508196721312,0.6229508196721312,0.6487119437939111,0.6329740200048152,0.02391927393206135,46
4.805606365203857,0.8060520380614875,6.732767486572266,0.5849320029029568,balanced_subsample,,sqrt,5,10,250,"{'class_weight': 'balanced_subsample', 'max_depth': None, 'max_features': 'sqrt', 'min_samples_leaf': 5, 'min_samples_split': 10, 'n_estimators': 250}",0.7478510028653295,0.781292984869326,0.7394957983193278,0.7443820224719101,0.7658402203856749,0.7557724057823136,0.015556852216688037,25,0.9524048455951257,0.964785722832869,0.9550428662298319,0.9558867852891774,0.9592273732074592,0.9574695186308926,0.004258203759876882,49,0.9666666666666667,0.9466666666666667,0.9198606271777003,0.9298245614035088,0.9297658862876255,0.9385568816404335,0.016486440333445696,40,0.6098130841121495,0.6651053864168618,0.6182669789227166,0.6206088992974239,0.6510538641686182,0.632969642583554,0.021283456465558282,52
7.303697872161865,1.4550517102471756,4.301089954376221,1.1589106227558112,balanced_subsample,,sqrt,5,10,300,"{'class_weight': 'balanced_subsample', 'max_depth': None, 'max_features': 'sqrt', 'min_samples_leaf': 5, 'min_samples_split': 10, 'n_estimators': 300}",0.7478510028653295,0.7852257181942545,0.7415730337078652,0.7478991596638656,0.7696551724137931,0.7584408173690216,0.016437673286220353,1,0.953506198814452,0.9651465027292414,0.9553307703865384,0.9565066789265854,0.9603690931288974,0.9581718487971429,0.0041493731362692386,37,0.9666666666666667,0.944078947368421,0.9263157894736842,0.9303135888501742,0.9362416107382551,0.9407233206194402,0.0142852555293052,28,0.6098130841121495,0.6721311475409836,0.6182669789227166,0.6252927400468384,0.6533957845433255,0.6357799470332027,0.02333534247408618,37
8.60289158821106,0.5053251981388759,3.79145827293396,1.7744195298038727,balanced_subsample,,sqrt,5,10,400,"{'class_weight': 'balanced_subsample', 'max_depth': None, 'max_features': 'sqrt', 'min_samples_leaf': 5, 'min_samples_split': 10, 'n_estimators': 400}",0.739568345323741,0.7835616438356164,0.7450980392156863,0.7471910112359551,0.7662517289073306,0.7563341537036659,0.01631339431516329,16,0.9547053902578263,0.965384023658524,0.9556294709491211,0.9567091115367694,0.9600083132325248,0.9584872619269531,0.0038861358921446674,28,0.9625468164794008,0.9438943894389439,0.926829268292683,0.9333333333333333,0.9358108108108109,0.9404829236710344,0.012311141704253903,34,0.6004672897196262,0.6697892271662763,0.6229508196721312,0.6229508196721312,0.6487119437939111,0.6329740200048152,0.02391927393206135,46
6.315739107131958,1.2314921280641649,5.569622373580932,2.1955066235231167,balanced_subsample,,sqrt,7,2,250,"{'class_weight': 'balanced_subsample', 'max_depth': None, 'max_features': 'sqrt', 'min_samples_leaf': 7, 'min_samples_split': 2, 'n_estimators': 250}",0.7538677918424754,0.7762803234501348,0.7397260273972602,0.7475862068965518,0.7634408602150538,0.7561802419602952,0.01270177857191797,19,0.9493413423045299,0.9609017158188039,0.9503941137995162,0.9516096091611104,0.9565543630525398,0.9537602288272999,0.0043425908383928685,64,0.9469964664310954,0.9142857142857143,0.8910891089108911,0.9093959731543624,0.8958990536277602,0.9115332632819646,0.01965794868583193,61,0.6261682242990654,0.6744730679156908,0.6323185011709602,0.6346604215456675,0.6651053864168618,0.646545120269649,0.01940780452967516,13
5.231894683837891,0.9978456563787331,5.752320861816406,0.8455809008326687,balanced_subsample,,sqrt,7,2,300,"{'class_weight': 'balanced_subsample', 'max_depth': None, 'max_features': 'sqrt', 'min_samples_leaf': 7, 'min_samples_split': 2, 'n_estimators': 300}",0.7507082152974505,0.7731543624161074,0.7452054794520548,0.7430939226519337,0.7663551401869159,0.7557034240008924,0.011934427370343493,28,0.9503924300142539,0.9608378370840348,0.9499190719409508,0.9511714550226229,0.9561270053199289,0.9536895598763582,0.004206364320436599,67,0.9532374100719424,0.9056603773584906,0.8976897689768977,0.9057239057239057,0.8913043478260869,0.9107231619914646,0.02193191883250825,64,0.6191588785046729,0.6744730679156908,0.6370023419203747,0.629976580796253,0.6721311475409836,0.646548403335595,0.02258407560327189,10
7.809365749359131,1.3735502430395385,4.313024282455444,0.5043285555049113,balanced_subsample,,sqrt,7,2,400,"{'class_weight': 'balanced_subsample', 'max_depth': None, 'max_features': 'sqrt', 'min_samples_leaf': 7, 'min_samples_split': 2, 'n_estimators': 400}",0.748587570621469,0.7702702702702703,0.7455295735900963,0.7423822714681441,0.7669773635153129,0.7547494098930585,0.011544173544435515,45,0.9509965137278698,0.9610132786795276,0.9500558264153864,0.9515052439043042,0.9569403345626241,0.9541022394579424,0.0042090527122507085,55,0.9464285714285714,0.9105431309904153,0.9033333333333333,0.9084745762711864,0.8888888888888888,0.9115337001824791,0.019015914391336274,58,0.6191588785046729,0.667447306791569,0.6346604215456675,0.6276346604215457,0.6744730679156908,0.6446748670358291,0.022127992311822508,22
7.333232355117798,0.5999100774103868,3.8284456729888916,0.8516916550546054,balanced_subsample,,sqrt,7,5,250,"{'class_weight': 'balanced_subsample', 'max_depth': None, 'max_features': 'sqrt', 'min_samples_leaf': 7, 'min_samples_split': 5, 'n_estimators': 250}",0.7538677918424754,0.7762803234501348,0.7397260273972602,0.7475862068965518,0.7634408602150538,0.7561802419602952,0.01270177857191797,19,0.9493413423045299,0.9609017158188039,0.9503941137995162,0.9516096091611104,0.9565543630525398,0.9537602288272999,0.0043425908383928685,64,0.9469964664310954,0.9142857142857143,0.8910891089108911,0.9093959731543624,0.8958990536277602,0.9115332632819646,0.01965794868583193,61,0.6261682242990654,0.6744730679156908,0.6323185011709602,0.6346604215456675,0.6651053864168618,0.646545120269649,0.01940780452967516,13
7.124724531173706,1.3997923286482181,5.755224132537842,0.6498264144158593,balanced_subsample,,sqrt,7,5,300,"{'class_weight': 'balanced_subsample', 'max_depth': None, 'max_features': 'sqrt', 'min_samples_leaf': 7, 'min_samples_split': 5, 'n_estimators': 300}",0.7507082152974505,0.7731543624161074,0.7452054794520548,0.7430939226519337,0.7663551401869159,0.7557034240008924,0.011934427370343493,28,0.9503924300142539,0.9608378370840348,0.9499190719409508,0.9511714550226229,0.9561270053199289,0.9536895598763582,0.004206364320436599,67,0.9532374100719424,0.9056603773584906,0.8976897689768977,0.9057239057239057,0.8913043478260869,0.9107231619914646,0.02193191883250825,64,0.6191588785046729,0.6744730679156908,0.6370023419203747,0.629976580796253,0.6721311475409836,0.646548403335595,0.02258407560327189,10
5.901485013961792,0.7748151588552062,5.865855073928833,0.6564422455367585,balanced_subsample,,sqrt,7,5,400,"{'class_weight': 'balanced_subsample', 'max_depth': None, 'max_features': 'sqrt', 'min_samples_leaf': 7, 'min_samples_split': 5, 'n_estimators': 400}",0.748587570621469,0.7702702702702703,0.7455295735900963,0.7423822714681441,0.7669773635153129,0.7547494098930585,0.011544173544435515,45,0.9509965137278698,0.9610132786795276,0.9500558264153864,0.9515052439043042,0.9569403345626241,0.9541022394579424,0.0042090527122507085,55,0.9464285714285714,0.9105431309904153,0.9033333333333333,0.9084745762711864,0.8888888888888888,0.9115337001824791,0.019015914391336274,58,0.6191588785046729,0.667447306791569,0.6346604215456675,0.6276346604215457,0.6744730679156908,0.6446748670358291,0.022127992311822508,22
6.041397571563721,0.8687220825456943,5.095695114135742,0.8419810275527477,balanced_subsample,,sqrt,7,10,250,"{'class_weight': 'balanced_subsample', 'max_depth': None, 'max_features': 'sqrt', 'min_samples_leaf': 7, 'min_samples_split': 10, 'n_estimators': 250}",0.7538677918424754,0.7762803234501348,0.7397260273972602,0.7475862068965518,0.7634408602150538,0.7561802419602952,0.01270177857191797,19,0.9493413423045299,0.9609017158188039,0.9503941137995162,0.9516096091611104,0.9565543630525398,0.9537602288272999,0.0043425908383928685,64,0.9469964664310954,0.9142857142857143,0.8910891089108911,0.9093959731543624,0.8958990536277602,0.9115332632819646,0.01965794868583193,61,0.6261682242990654,0.6744730679156908,0.6323185011709602,0.6346604215456675,0.6651053864168618,0.646545120269649,0.01940780452967516,13
7.706769227981567,0.881689518393584,3.0501821517944334,1.1215016945199339,balanced_subsample,,sqrt,7,10,300,"{'class_weight': 'balanced_subsample', 'max_depth': None, 'max_features': 'sqrt', 'min_samples_leaf': 7, 'min_samples_split': 10, 'n_estimators': 300}",0.7507082152974505,0.7731543624161074,0.7452054794520548,0.7430939226519337,0.7663551401869159,0.7557034240008924,0.011934427370343493,28,0.9503924300142539,0.9608378370840348,0.9499190719409508,0.9511714550226229,0.9561270053199289,0.9536895598763582,0.004206364320436599,67,0.9532374100719424,0.9056603773584906,0.8976897689768977,0.9057239057239057,0.8913043478260869,0.9107231619914646,0.02193191883250825,64,0.6191588785046729,0.6744730679156908,0.6370023419203747,0.629976580796253,0.6721311475409836,0.646548403335595,0.02258407560327189,10
7.4240984439849855,0.8434425063914093,0.47240171432495115,0.16252806576701964,balanced_subsample,,sqrt,7,10,400,"{'class_weight': 'balanced_subsample', 'max_depth': None, 'max_features': 'sqrt', 'min_samples_leaf': 7, 'min_samples_split': 10, 'n_estimators': 400}",0.748587570621469,0.7702702702702703,0.7455295735900963,0.7423822714681441,0.7669773635153129,0.7547494098930585,0.011544173544435515,45,0.9509965137278698,0.9610132786795276,0.9500558264153864,0.9515052439043042,0.9569403345626241,0.9541022394579424,0.0042090527122507085,55,0.9464285714285714,0.9105431309904153,0.9033333333333333,0.9084745762711864,0.8888888888888888,0.9115337001824791,0.019015914391336274,58,0.6191588785046729,0.667447306791569,0.6346604215456675,0.6276346604215457,0.6744730679156908,0.6446748670358291,0.022127992311822508,22
